city,
NewYork,
LosAngeles,
Chicago,
Houston,
Phoenix,
Philadelphia,
SanAntonio,
SanDiego,
Dallas,
Austin,
SanJose,
FortWorth,
Jacksonville,
Columbus,
Charlotte,
Indianapolis,
SanFrancisco,
Seattle,
Denver,
Washington,
Boston,
ElPaso,
Nashville,
OklahomaCity,
LasVegas,
Detroit,
Portland,
Memphis,
Louisville,
Milwaukee,
Baltimore,
Albuquerque,
Tucson,
Mesa,
Fresno,
Sacramento,
Atlanta,
KansasCity,
ColoradoSprings,
Raleigh,
Omaha,
Miami,
LongBeach,
VirginiaBeach,
Oakland,
Minneapolis,
Tampa,
Tulsa,
Arlington,
Wichita,
Bakersfield,
Aurora,
NewOrleans,
Cleveland,
Anaheim,
Henderson,
Honolulu,
Riverside,
SantaAna,
CorpusChristi,
Lexington,
SanJuan,
Stockton,
St.Paul,
Cincinnati,
Greensboro,
Pittsburgh,
Irvine,
St.Louis,
Lincoln,
Orlando,
Durham,
Plano,
Anchorage,
Newark,
ChulaVista,
FortWayne,
Chandler,
Toledo,
St.Petersburg,
Reno,
Laredo,
Scottsdale,
NorthLasVegas,
Lubbock,
Madison,
Gilbert,
JerseyCity,
Glendale,
Buffalo,
Winston-Salem,
Chesapeake,
Fremont,
Norfolk,
Irving,
Garland,
Paradise,
Arlington,
Richmond,
Hialeah,
Boise,
Spokane,
Frisco,
MorenoValley,
Tacoma,
Fontana,
Modesto,
BatonRouge,
PortSt.Lucie,
SanBernardino,
McKinney,
Fayetteville,
SantaClarita,
DesMoines,
Oxnard,
Birmingham,
SpringValley,
Huntsville,
Rochester,
CapeCoral,
Tempe,
GrandRapids,
Yonkers,
OverlandPark,
SaltLakeCity,
Amarillo,
Augusta,
Columbus,
Tallahassee,
Montgomery,
HuntingtonBeach,
Akron,
LittleRock,
Glendale,
GrandPrairie,
Aurora,
SunriseManor,
Ontario,
SiouxFalls,
Knoxville,
Vancouver,
Mobile,
Worcester,
Chattanooga,
Brownsville,
Peoria,
FortLauderdale,
Shreveport,
NewportNews,
Providence,
ElkGrove,
RanchoCucamonga,
Salem,
PembrokePines,
SantaRosa,
Eugene,
Oceanside,
Cary,
FortCollins,
Corona,
Enterprise,
GardenGrove,
Springfield,
Clarksville,
Bayamon,
Lakewood,
Alexandria,
Hayward,
Murfreesboro,
Killeen,
Hollywood,
Lancaster,
Salinas,
Jackson,
Midland,
MaconCounty,
KansasCity,
Palmdale,
Sunnyvale,
Springfield,
Escondido,
Pomona,
Bellevue,
Surprise,
Naperville,
Pasadena,
Denton,
Roseville,
Joliet,
Thornton,
McAllen,
Paterson,
Rockford,
Carrollton,
Bridgeport,
Miramar,
RoundRock,
Metairie,
Olathe,
Waco,
